{"kgenp_bound": 0.9912647640610606, "nrmse_range": 0.010871648530110285, "adjusted_r2": 0.9989572982450899, "volume_error": 0.00394682027027886, "smape": 22.115381863524725, "log_nse": NaN, "nrmse": 0.010871648530110285, "log_prob": -0.9437586829961445, "r2": 0.9989580711893116, "max_error": 19.026836395263672, "amemiya_adj_r2": 0.9989557523566468, "umbrae": 0.15538678923271138, "mae": 0.6484033961207778, "kl_sym": null, "agreement_index": 0.9997259077126944, "median_abs_error": 0.48871269226074077, "norm_ape": Infinity, "rel_agreement_index": -Infinity, "corr_coeff": 0.9994788339227497, "nrmse_ipercentile": 0.018426522932390308, "nse_rel": -Infinity, "irmse": 0.03741960552620495, "r2_score": 0.9988990488038622, "mrae": 359582369.8751356, "cronbach_alpha": 0.999734502650877, "aitchison": NaN, "expanded_uncertainty": 2.989732708398276, "mb_r": 0.9828749862001839, "me": -0.1925863741503816, "mde": 0.140233993530277, "nse_alpha": 1.004412550712671, "inrse": 0.03318058462622189, "lm_index": 0.9772748758211317, "abs_pbias": 1.328822809202918, "kge_bound": 0.9881841498539734, "kge_np": 0.9956132222612505, "gmean_diff": NaN, "mpe": -32107521.89668353, "bic": 232.8556492998327, "kendaull_tau": 0.0, "fdc_fhv": 1.34534397781842, "mda": 0.9473684210526315, "fdc_flv": NaN, "rae": 0.022725124178868246, "mdape": 133.51895956584428, "skill_score_murphy": 0.9988998643232667, "wape": 0.013288228092029158, "sse": 1595.6020137903633, "wmape": NaN, "spearmann_corr": 0.9980852420525637, "gmrae": 0.10735115562494141, "rmsse": 0.06589566206735335, "mare": Infinity, "decomposed_mse": 1.1819267093150105, "med_seq_error": 0.23884010489127694, "rrse": 0.03318058462622189, "exp_var_score": 0.9989335972384364, "JS": 8.780573248753873, "nse": 0.9988990488038622, "mbrae": 0.1344889786526841, "mase": 0.03930128071723598, "aic": 227.64778942840022, "sga": 0.046739963272110815, "mape": Infinity, "nrmse_mean": 0.02228010313776481, "mapd": 0.01328822809202916, "smdape": 0.013264554304673253, "euclid_distance": 39.94498734247344, "rsr": 0.03318058462622189, "kge_mod": 0.9959919744210421, "sid": NaN, "rmse": 1.0871648530110285, "gmae": 0.2910823947909129, "covariance": 1077.7263496016203, "amemiya_pred_criterion": 1.1836797192053266, "pbias": 0.3946820270278861, "ref_agreement_index": 0.9886374379105658, "mean_var": 0.0019877935858598635, "nse_bound": 0.9978005191288202, "centered_rms_dev": 1.0699709843264147, "msle": 0.0020104632261719792, "cosine_similarity": 0.9998380209675782, "rmspe": Infinity, "mean_bias_error": -0.1925863741503816, "maape": 0.1786103884360654, "relative_rmse": 0.02228010313776481, "mle": 0.004761264570690821, "nse_mod": 0.9772748758211317, "sc": 0.03228589099032062, "nse_beta": 0.005877815328982072, "norm_ae": 1.3614237562183111, "bias": -0.1925863741503816, "mdrae": 0.05558746640017326, "std_ratio": 1.004412550712671, "mod_agreement_index": 0.9886547490139038, "mbe": -0.1925863741503816, "sa": 0.017999078058527528, "kgeprime_c2m": 0.9920159491222261, "rmdspe": 133.51897337185625, "acc": 0.9987385451320093, "watt_m": 0.9789301634378904, "norm_euclid_distance": 0.7967988196639338, "ve": 0.9867117719079709, "rmsle": 0.04483818937214101, "rse": 0.0011009511961378728, "kge": 0.9940569639150908}