{"kge": 0.9913677564750156, "expanded_uncertainty": 6.758199501129906, "acc": 0.996504611884491, "rmsle": NaN, "exp_var_score": 0.9944674827112728, "max_error": 19.692618942260747, "mare": Infinity, "sse": 8032.073643590005, "amemiya_adj_r2": 0.9944819768778888, "gmean_diff": NaN, "aitchison": NaN, "mdrae": 0.10874730890348581, "agreement_index": 0.9986015876020842, "volume_error": -0.0020742191236921607, "nrmse_ipercentile": 0.04134232959274823, "gmae": 0.7465244310431935, "irmse": 0.08395581035940498, "bias": 0.10121219434120092, "covariance": 1062.12017061218, "mda": 0.9421793921423276, "cronbach_alpha": 0.9986039365882109, "mle": NaN, "r2": 0.9944942300750511, "ve": 0.9704638138928915, "mod_agreement_index": 0.974587593436607, "smape": 25.047107459603268, "log_prob": -1.043880260055758, "kgenp_bound": 0.9911650638836608, "nse_rel": -Infinity, "mean_bias_error": 0.10121219434120092, "kge_mod": 0.9932078149880375, "norm_ae": 2.7822321903417166, "kge_bound": 0.9828832687425969, "rae": 0.050511888598362184, "mbe": 0.10121219434120092, "cosine_similarity": 0.9991430299887654, "rrse": 0.0744450090085115, "fdc_flv": NaN, "kge_np": 0.9955629313327208, "mb_r": 0.9617113328589649, "sid": NaN, "nse_beta": -0.003089172571818944, "sga": 0.0786509535744391, "wmape": NaN, "mean_var": NaN, "nrmse": 0.02439197445972146, "spearmann_corr": 0.9960776591799378, "euclid_distance": 89.62183686797546, "nse": 0.9944579406337226, "mdape": 219.75163051024663, "med_seq_error": 0.7695433076709879, "decomposed_mse": 5.9496840482517825, "smdape": 0.021898368080669427, "maape": 0.20799129632127292, "mrae": 311099632.35692745, "rmsse": 0.14784559137481737, "sc": 0.07427102899304219, "inrse": 0.0744450090085115, "JS": 61.926934949351434, "bic": 2414.714347832821, "mase": 0.08735626251089859, "sa": 0.041402715824297796, "rse": 0.0055420593662773585, "lm_index": 0.9494881114016377, "rel_agreement_index": -Infinity, "mape": Infinity, "median_abs_error": 0.8772361755371172, "centered_rms_dev": 2.437096684730975, "skill_score_murphy": 0.9944620458628829, "corr_coeff": 0.9972432341492468, "ref_agreement_index": 0.9747440557008188, "watt_m": 0.952425627162261, "kendaull_tau": 0.0, "kgeprime_c2m": 0.9865072750601817, "wape": 0.029536186107108495, "nse_bound": 0.988976971545536, "abs_pbias": 2.953618610710849, "adjusted_r2": 0.994490145675997, "mpe": -1953617404.2896035, "nse_alpha": 0.9920871482260342, "r2_score": 0.9944579406337226, "relative_rmse": 0.04998834401159639, "rsr": 0.0744450090085115, "pbias": -0.20742191236921656, "nse_mod": 0.9494881114016377, "norm_euclid_distance": 1.8322834369668832, "mapd": 0.029536186107108498, "rmspe": Infinity, "kl_sym": null, "fdc_fhv": 1.1750640864788535, "me": 0.10121219434120092, "mbrae": 0.1771751573781936, "aic": 2409.5064879613888, "umbrae": 0.2153254838704819, "amemiya_pred_criterion": 5.958505061356887, "mde": -0.09014511108398793, "gmrae": 0.2747136288873124, "log_nse": NaN, "std_ratio": 0.9920871482260342, "rmse": 2.439197445972146, "mae": 1.4412277730085234, "nrmse_mean": 0.04998834401159639, "msle": NaN, "nrmse_range": 0.02439197445972146, "rmdspe": 219.7517601416036, "norm_ape": Infinity}