{"kge": 0.9955325419155506, "expanded_uncertainty": 5.563828279521728, "acc": 0.9971259880305228, "rmsle": NaN, "exp_var_score": 0.9964202865904263, "max_error": 17.49261894226074, "mare": Infinity, "sse": 3707.426951076992, "amemiya_adj_r2": 0.9964135203410792, "gmean_diff": NaN, "aitchison": NaN, "mdrae": 0.09777181524876472, "agreement_index": 0.9991003599409327, "volume_error": -0.0007600946906348864, "nrmse_ipercentile": 0.03320825708242845, "gmae": 0.6760777048696844, "irmse": 0.06791604793664013, "bias": 0.038403464095748706, "covariance": 1118.792258332833, "mda": 0.926006528835691, "cronbach_alpha": 0.9991006564914717, "mle": NaN, "r2": 0.996425202685245, "ve": 0.9752320947160793, "mod_agreement_index": 0.9785470032435954, "smape": 24.45378183058603, "log_prob": -0.9978698551119757, "kgenp_bound": 0.9912048700068161, "nse_rel": -Infinity, "mean_bias_error": 0.038403464095748706, "kge_mod": 0.9962003372706444, "norm_ae": 2.3464127778660426, "kge_bound": 0.9911048226630079, "rae": 0.04274001436540725, "mbe": 0.038403464095748706, "cosine_similarity": 0.999452815826663, "rrse": 0.05984165763687672, "fdc_flv": NaN, "kge_np": 0.9955830110072231, "mb_r": 0.9675713553964372, "sid": NaN, "nse_beta": -0.0011447994231580264, "sga": 0.06952946298336375, "wmape": NaN, "mean_var": NaN, "nrmse": 0.020074391406328003, "spearmann_corr": 0.9956489068754037, "euclid_distance": 60.88864385972964, "nse": 0.9964189760112708, "mdape": 194.27500086659185, "med_seq_error": 0.6388618079919519, "decomposed_mse": 4.029811758829636, "smdape": 0.01949821192423489, "maape": 0.20193357497506226, "mrae": 382252361.305237, "rmsse": 0.11969237762829424, "sc": 0.05982538724075029, "inrse": 0.05984165763687672, "JS": 29.026424592194605, "bic": 1289.0464983704123, "mase": 0.07461327215830983, "sa": 0.03308274723698086, "rse": 0.003581023988729166, "lm_index": 0.9572599856345926, "rel_agreement_index": -Infinity, "mape": Infinity, "median_abs_error": 0.7992869675159398, "centered_rms_dev": 2.0070717611060678, "skill_score_murphy": 0.9964228684286499, "corr_coeff": 0.9982110373833362, "ref_agreement_index": 0.9786299928172963, "watt_m": 0.9618419732454767, "kendaull_tau": 0.0, "kgeprime_c2m": 0.992429440115522, "wape": 0.024767905283920727, "nse_bound": 0.9928635079716903, "abs_pbias": 2.476790528392071, "adjusted_r2": 0.9964213085705231, "mpe": -7041659339.049161, "nse_alpha": 0.9959775569000503, "r2_score": 0.9964189760112708, "relative_rmse": 0.03973193222266016, "rsr": 0.05984165763687672, "pbias": -0.07600946906348849, "nse_mod": 0.9572599856345926, "norm_euclid_distance": 1.2044355673236196, "mapd": 0.024767905283920724, "rmspe": Infinity, "kl_sym": null, "fdc_fhv": 1.2415957973788008, "me": 0.038403464095748706, "mbrae": 0.18141069135733667, "aic": 1284.2221247003692, "umbrae": 0.2216138049226922, "amemiya_pred_criterion": 4.038581896605372, "mde": -0.07452850341797301, "gmrae": 0.3654755801073502, "log_nse": NaN, "std_ratio": 0.9959775569000503, "rmse": 2.0074391406328003, "mae": 1.2513879823360756, "nrmse_mean": 0.03973193222266016, "msle": NaN, "nrmse_range": 0.020074391406328003, "rmdspe": 194.27519797047952, "norm_ape": Infinity}